{
    "185750.KS": 0.037261,
    "035420.KS": 0.04312,
    "003490.KS": 0.094099,
    "042660.KS": 0.028096,
    "032830.KS": 0.061019,
    "000660.KS": 0.117799,
    "006800.KS": 0.03056,
    "278470.KS": 0.02553,
    "411060.KS": 0.073479,
    "114800.KS": 0.489037
}