{
    "185750.KS": 0.036961,
    "035420.KS": 0.048403,
    "003490.KS": 0.089932,
    "042660.KS": 0.028893,
    "032830.KS": 0.058773,
    "000660.KS": 0.113521,
    "006800.KS": 0.032147,
    "278470.KS": 0.028684,
    "411060.KS": 0.077239,
    "114800.KS": 0.485447
}