{
    "weights": {
        "GLD": 0.406367594956215,
        "IWM": 0.19169186936894866,
        "QQQ": 0.20665753862229802,
        "SPY": 0.11564083522320448,
        "VWO": 0.07964216182933381
    }
}