{
    "185750.KS": 0.033762,
    "035420.KS": 0.044846,
    "003490.KS": 0.094493,
    "042660.KS": 0.03235,
    "032830.KS": 0.046514,
    "000660.KS": 0.116753,
    "006800.KS": 0.042464,
    "278470.KS": 0.019504,
    "411060.KS": 0.105606,
    "114800.KS": 0.463708
}