team,Days,TotalReturn,AnnReturn,AnnVol,Sharpe,MDD,FinalNAV
7,22,0.07158382685559994,1.2925235383759506,0.18824457886135842,6.866192621291317,-0.021699436788361726,10715.838268556
4,22,0.06986443550753285,1.2487698557313252,0.17747467646092097,7.036326988353733,-0.03634208041598608,10698.644355075328
3,22,0.02623772049957762,0.36450673312455417,0.13333893075702902,2.733685736454273,-0.02487147216290142,10262.377204995777
5,22,0.011943549484282334,0.15312247438510207,0.13682327063924654,1.1191259620509337,-0.039703810494755354,10119.435494842823
2,22,0.0028750400075987503,0.035051288726901664,0.08499676221319133,0.41238381103253097,-0.019201090933508524,10028.750400075987
6,22,-0.018851013586151377,-0.204171451444649,0.16255336428575712,-1.256027227377037,-0.03537823423635589,9811.489864138486
1,22,-0.046639688316289396,-0.4362522522042088,0.09189605717770451,-4.747235796641456,-0.05524403004892464,9533.603116837106
