{
    "185750.KS": 0.071629,
    "035420.KS": 0.096497,
    "003490.KS": 0.150462,
    "042660.KS": 0.066814,
    "032830.KS": 0.042035,
    "000660.KS": 0.048879,
    "006800.KS": 0.108888,
    "278470.KS": 0.209628,
    "411060.KS": 0.047427,
    "114800.KS": 0.157741
}