{
    "weights": {
        "GLD": 0.54879846637539,
        "IWM": 0.12178549966209447,
        "QQQ": 0.07842654492107566,
        "SPY": 0.08569807050008314,
        "VWO": 0.16529141854135668
    }
}